User Group,Library Code,Location Code,Item Code
01,BUS,STACK,BOOK
01,BUS,STACK,ISSBD
01,BUS,STACK,ISSUE
01,BUS,STACK,OSIZE
01,BUS,STOR,BOOK
01,BUS,STOR,ISSBD
01,BUS,STOR,ISSUE
01,CHEM,NEWBK,BOOK
01,CHEM,NEWBK,ISSBD
01,CHEM,NEWBK,REFBK
01,CHEM,REF,REFBK
01,CHEM,STACK,BOOK
01,CHEM,STACK,ISSBD
01,CHEM,STACK,ISSUE
01,CHEM,STOR,BOOK
01,CHEM,STOR,ISSBD
01,CHEM,STOR,ISSUE
01,HLTH,CPACT,BOOK
01,HLTH,CPACT,REFBK
01,HLTH,NEWBK,BOOK
01,HLTH,OSIZE,BOOK
01,HLTH,PER,BOOK
01,HLTH,PER,ISSBD
01,HLTH,PER,ISSUE
01,HLTH,REF,BOOK
01,HLTH,REF,ISSBD
01,HLTH,REF,REFBK
01,HLTH,RFDESK,BOOK
01,HLTH,STACK,BOOK
01,HLTH,STACK,ISSBD
01,HLTH,STACK,ISSUE
01,HLTH,STACK,REFBK
01,HLTH,STACK,RESV
01,HLTH,STOR,BOOK
01,HLTH,STOR,ISSBD
01,HLTH,STOR,ISSUE
01,LAW,STACK,BOOK
01,LAW,STACK,GVDOC
01,LAW,STACK,ISSBD
01,LAW,STACK,ISSUE
01,LAW,STACK,LSLF
01,LAW,STACK,REFBK
01,LSC,BSTOR,BOOK
01,LSC,BSTORJ,ISSBD
01,LSC,HSTOR,BOOK
01,LSC,HSTOR,ISSBD
01,LSC,HSTORJ,BOOK
01,LSC,HSTORJ,ISSBD
01,LSC,HSTORJ,ISSUE
01,LSC,HSTORNC,ISSBD
01,LSC,MSTOR,BOOK
01,LSC,MSTOR,SCORE
01,LSC,MSTORJ,BOOK
01,LSC,MSTORJ,ISSBD
01,LSC,MSTORJ,ISSUE
01,LSC,MSTORNC,BOOK
01,LSC,MSTORNC,ISSBD
01,LSC,SSTOR,BOOK
01,LSC,SSTOR,ISSBD
01,LSC,SSTORJ,BOOK
01,LSC,SSTORJ,ISSBD
01,LSC,SSTORJ,ISSUE
01,LSC,TSTOR,BOOK
01,LSC,TSTOR,ISSBD
01,LSC,TSTOR,ISSUE
01,LSC,TSTOR,SCORE
01,LSC,TSTORJ,BOOK
01,LSC,TSTORJ,ISSBD
01,LSC,TSTORJ,ISSUE
01,LSC,USTOR,BOOK
01,LSC,USTOR,ISSBD
01,LSC,USTOR,SCORE
01,LSC,USTORGD,BOOK
01,LSC,USTORGD,FICHE
01,LSC,USTORGD,FILM
01,LSC,USTORGD,GOVRECORD
01,LSC,USTORGD,ISSBD
01,LSC,USTORGD,ISSUE
01,LSC,USTORJ,BOOK
01,LSC,USTORJ,ISSBD
01,LSC,USTORJ,ISSUE
01,LSC,USTORNC,BOOK
01,LSC,USTORNC,FICHE
01,LSC,USTORNC,FILM
01,LSC,USTORNC,GOVRECORD
01,LSC,USTORNC,ISSBD
01,LSC,USTORNC,ISSUE
01,MUSME,NEWBK,BOOK
01,MUSME,NEWBK,ISSUE
01,MUSME,NEWBK,MLTVL
01,MUSME,NEWBK,REFBK
01,MUSME,REF,BOOK
01,MUSME,REF,ISSUE
01,MUSME,REF,MLTVL
01,MUSME,REF,REFBK
01,MUSME,STACK,BOOK
01,MUSME,STACK,ISSBD
01,MUSME,STACK,ISSUE
01,MUSME,STACK,REFBK
01,MUSME,STOR,BOOK
01,MUSME,STOR,ISSBD
01,MUSME,STOR,ISSUE
01,OXFD,CIRC,BOOK
01,OXFD,GRNOV,BOOK
01,OXFD,NEWBK,BOOK
01,OXFD,OGTR,BOOK
01,OXFD,ONFLY,BOOK
01,OXFD,OSIZE,BOOK
01,OXFD,OSIZE,ISSBD
01,OXFD,OSIZE,ISSUE
01,OXFD,OSIZE,REFBK
01,OXFD,PER,BOOK
01,OXFD,PER,ISSBD
01,OXFD,PER,ISSUE
01,OXFD,PER,RESV
01,OXFD,REF,BOOK
01,OXFD,REF,ISSUE
01,OXFD,REF,REFBK
01,OXFD,RESRV,BOOK
01,OXFD,RESRV,ISSBD
01,OXFD,RESRV,ISSUE
01,OXFD,RESRV,RESV
01,OXFD,STACK,BOOK
01,OXFD,STACK,ISSBD
01,OXFD,STACK,ISSUE
01,OXFD,STACK,REFBK
01,THEO,CIRC,BOOK
01,THEO,CPER,BOOK
01,THEO,ONFLY,BOOK
01,THEO,PER,BOOK
01,THEO,PER,ISSBD
01,THEO,REF,BOOK
01,THEO,REFOV,BOOK
01,THEO,RFDESK,BOOK
01,THEO,STACK,BOOK
01,UNIV,CPER,BDVOL
01,UNIV,CPER,ISSBD
01,UNIV,CPER,ISSUE
01,UNIV,NEWBK,BOOK
01,UNIV,OSIZE,BOOK
01,UNIV,OSIZE,ISSBD
01,UNIV,OSIZE,ISSUE
01,UNIV,REF,BDVOL
01,UNIV,REF,BOOK
01,UNIV,REF,ISSBD
01,UNIV,REF,ISSUE
01,UNIV,REFOV,BDVOL
01,UNIV,REFOV,BOOK
01,UNIV,REFOV,ISSBD
01,UNIV,REFOV,ISSUE
01,UNIV,STACK,BOOK
01,UNIV,STACK,ISSBD
01,UNIV,STACK,ISSUE
01,UNIV,STACK,MLTVL
01,UNIV,STDOC,BOOK
01,UNIV,STDOC,MLTVL
01,UNIV,STO96,BOOK
01,UNIV,STO96,ISSBD
01,UNIV,STO96,ISSUE
01,UNIV,STOR,BOOK
01,UNIV,STOR,ISSBD
01,UNIV,STOR,ISSUE
01,UNIV,STOR,MLTVL
01,UNIV,ULFO,BOOK
01,UNIV,ULFO,ISSBD
01,UNIV,ULFO,ISSUE
02,BUS,STACK,BOOK
02,BUS,STACK,ISSBD
02,BUS,STACK,ISSUE
02,BUS,STACK,OSIZE
02,CHEM,NEWBK,BOOK
02,CHEM,NEWBK,ISSBD
02,CHEM,NEWBK,REFBK
02,CHEM,REF,REFBK
02,CHEM,STACK,BOOK
02,CHEM,STACK,ISSBD
02,CHEM,STACK,ISSUE
02,HLTH,CIRC,BOOK
02,HLTH,CPACT,BOOK
02,HLTH,CPACT,REFBK
02,HLTH,NEWBK,BOOK
02,HLTH,OSIZE,BOOK
02,HLTH,PER,BOOK
02,HLTH,PER,ISSBD
02,HLTH,PER,ISSUE
02,HLTH,STACK,BOOK
02,HLTH,STACK,ISSBD
02,HLTH,STACK,ISSUE
02,HLTH,STACK,REFBK
02,HLTH,STACK,RESV
02,HLTH,STOR,BOOK
02,HLTH,STOR,ISSBD
02,HLTH,STOR,ISSUE
02,HLTH,STOR,MLTVL
02,LSC,BSTOR,BOOK
02,LSC,BSTORJ,ISSBD
02,LSC,HSTOR,BOOK
02,LSC,HSTOR,ISSBD
02,LSC,HSTORJ,BOOK
02,LSC,HSTORJ,ISSBD
02,LSC,HSTORJ,ISSUE
02,LSC,HSTORNC,ISSBD
02,LSC,MSTOR,BOOK
02,LSC,MSTOR,SCORE
02,LSC,MSTORJ,BOOK
02,LSC,MSTORJ,ISSBD
02,LSC,MSTORJ,ISSUE
02,LSC,MSTORNC,BOOK
02,LSC,MSTORNC,ISSBD
02,LSC,SSTOR,BOOK
02,LSC,SSTOR,ISSBD
02,LSC,SSTORJ,BOOK
02,LSC,SSTORJ,ISSBD
02,LSC,SSTORJ,ISSUE
02,LSC,TSTOR,BOOK
02,LSC,TSTOR,ISSBD
02,LSC,TSTOR,ISSUE
02,LSC,TSTOR,SCORE
02,LSC,TSTORJ,BOOK
02,LSC,TSTORJ,ISSBD
02,LSC,TSTORJ,ISSUE
02,LSC,USTOR,BOOK
02,LSC,USTOR,ISSBD
02,LSC,USTOR,SCORE
02,LSC,USTORGD,BOOK
02,LSC,USTORGD,FICHE
02,LSC,USTORGD,FILM
02,LSC,USTORGD,GOVRECORD
02,LSC,USTORGD,ISSBD
02,LSC,USTORGD,ISSUE
02,LSC,USTORJ,BOOK
02,LSC,USTORJ,ISSBD
02,LSC,USTORJ,ISSUE
02,LSC,USTORNC,BOOK
02,LSC,USTORNC,FICHE
02,LSC,USTORNC,FILM
02,LSC,USTORNC,GOVRECORD
02,LSC,USTORNC,ISSBD
02,LSC,USTORNC,ISSUE
02,MUSME,NEWBK,BOOK
02,MUSME,NEWBK,ISSUE
02,MUSME,NEWBK,MLTVL
02,MUSME,NEWBK,REFBK
02,MUSME,REF,BOOK
02,MUSME,REF,ISSUE
02,MUSME,REF,MLTVL
02,MUSME,REF,REFBK
02,MUSME,STACK,BOOK
02,MUSME,STACK,ISSBD
02,MUSME,STACK,ISSUE
02,MUSME,STACK,REFBK
02,MUSME,STOR,BOOK
02,MUSME,STOR,ISSBD
02,MUSME,STOR,ISSUE
02,OXFD,CIRC,BOOK
02,OXFD,GRNOV,BOOK
02,OXFD,NEWBK,BOOK
02,OXFD,OGTR,BOOK
02,OXFD,ONFLY,BOOK
02,OXFD,OSIZE,BOOK
02,OXFD,OSIZE,ISSBD
02,OXFD,OSIZE,ISSUE
02,OXFD,OSIZE,REFBK
02,OXFD,PER,BOOK
02,OXFD,PER,ISSBD
02,OXFD,PER,ISSUE
02,OXFD,PER,RESV
02,OXFD,REF,BOOK
02,OXFD,REF,ISSUE
02,OXFD,REF,REFBK
02,OXFD,RESRV,BOOK
02,OXFD,RESRV,ISSBD
02,OXFD,RESRV,ISSUE
02,OXFD,RESRV,RESV
02,OXFD,STACK,BOOK
02,OXFD,STACK,ISSBD
02,OXFD,STACK,ISSUE
02,OXFD,STACK,REFBK
02,THEO,CIRC,BOOK
02,THEO,CPER,BOOK
02,THEO,ONFLY,BOOK
02,THEO,OSIZE,BOOK
02,THEO,PER,BOOK
02,THEO,PER,ISSBD
02,THEO,PEROZ,BOOK
02,THEO,REF,BOOK
02,THEO,REFOV,BOOK
02,THEO,RFDESK,BOOK
02,THEO,STACK,BOOK
02,THEO,STACK,CDROM
02,THEO,STOR,BOOK
02,THEO,STOR,ISSBD
02,THEO,STOR,ISSUE
02,THEO,STOR,MLTVL
02,UNIV,CPER,BDVOL
02,UNIV,CPER,ISSBD
02,UNIV,CPER,ISSUE
02,UNIV,NEWBK,BOOK
02,UNIV,OSIZE,BOOK
02,UNIV,OSIZE,ISSBD
02,UNIV,OSIZE,ISSUE
02,UNIV,REF,BDVOL
02,UNIV,REF,BOOK
02,UNIV,REF,ISSBD
02,UNIV,REF,ISSUE
02,UNIV,REFOV,BDVOL
02,UNIV,REFOV,BOOK
02,UNIV,REFOV,ISSBD
02,UNIV,REFOV,ISSUE
02,UNIV,STACK,BOOK
02,UNIV,STACK,ISSBD
02,UNIV,STACK,ISSUE
02,UNIV,STACK,MLTVL
02,UNIV,STDOC,BOOK
02,UNIV,STDOC,MLTVL
02,UNIV,STOR,BOOK
02,UNIV,STOR,ISSBD
02,UNIV,STOR,ISSUE
02,UNIV,ULFO,BOOK
02,UNIV,ULFO,ISSBD
02,UNIV,ULFO,ISSUE
03,BUS,STACK,BOOK
03,BUS,STACK,ISSBD
03,BUS,STACK,ISSUE
03,BUS,STACK,OSIZE
03,BUS,STOR,BOOK
03,BUS,STOR,ISSBD
03,BUS,STOR,ISSUE
03,CHEM,NEWBK,BOOK
03,CHEM,NEWBK,ISSBD
03,CHEM,NEWBK,REFBK
03,CHEM,REF,BDVOL
03,CHEM,REF,BOOK
03,CHEM,REF,ISSBD
03,CHEM,REF,ISSUE
03,CHEM,STACK,BOOK
03,CHEM,STACK,ISSBD
03,CHEM,STACK,ISSUE
03,CHEM,STOR,BOOK
03,CHEM,STOR,ISSBD
03,CHEM,STOR,ISSUE
03,HLTH,CIRC,BOOK
03,HLTH,NEWBK,BOOK
03,HLTH,OSIZE,BOOK
03,HLTH,PER,BOOK
03,HLTH,PER,ISSBD
03,HLTH,PER,ISSUE
03,HLTH,STACK,BOOK
03,HLTH,STACK,ISSBD
03,HLTH,STACK,ISSUE
03,HLTH,STACK,REFBK
03,HLTH,STACK,RESV
03,LAW,STACK,BOOK
03,LAW,STACK,GVDOC
03,LAW,STACK,ISSBD
03,LAW,STACK,ISSUE
03,LAW,STACK,LSLF
03,LAW,STACK,REFBK
03,LSC,BSTOR,BOOK
03,LSC,BSTORJ,ISSBD
03,LSC,HSTOR,BOOK
03,LSC,HSTOR,ISSBD
03,LSC,HSTORJ,BOOK
03,LSC,HSTORJ,ISSBD
03,LSC,HSTORJ,ISSUE
03,LSC,HSTORNC,ISSBD
03,LSC,MSTOR,BOOK
03,LSC,MSTOR,SCORE
03,LSC,MSTORJ,BOOK
03,LSC,MSTORJ,ISSBD
03,LSC,MSTORJ,ISSUE
03,LSC,MSTORNC,BOOK
03,LSC,MSTORNC,ISSBD
03,LSC,SSTOR,BOOK
03,LSC,SSTOR,ISSBD
03,LSC,SSTORJ,BOOK
03,LSC,SSTORJ,ISSBD
03,LSC,SSTORJ,ISSUE
03,LSC,TSTOR,ISSBD
03,LSC,TSTOR,ISSUE
03,LSC,TSTOR,SCORE
03,LSC,TSTORJ,BOOK
03,LSC,TSTORJ,ISSBD
03,LSC,TSTORJ,ISSUE
03,LSC,USTOR,BOOK
03,LSC,USTOR,ISSBD
03,LSC,USTOR,SCORE
03,LSC,USTORGD,BOOK
03,LSC,USTORGD,FICHE
03,LSC,USTORGD,FILM
03,LSC,USTORGD,GOVRECORD
03,LSC,USTORGD,ISSBD
03,LSC,USTORGD,ISSUE
03,LSC,USTORJ,BOOK
03,LSC,USTORJ,ISSBD
03,LSC,USTORJ,ISSUE
03,LSC,USTORNC,BOOK
03,LSC,USTORNC,FICHE
03,LSC,USTORNC,FILM
03,LSC,USTORNC,GOVRECORD
03,LSC,USTORNC,ISSBD
03,LSC,USTORNC,ISSUE
03,MUSME,NEWBK,BOOK
03,MUSME,NEWBK,ISSUE
03,MUSME,NEWBK,MLTVL
03,MUSME,NEWBK,REFBK
03,MUSME,REF,BOOK
03,MUSME,REF,ISSUE
03,MUSME,REF,MLTVL
03,MUSME,REF,REFBK
03,MUSME,STACK,BOOK
03,MUSME,STACK,ISSBD
03,MUSME,STACK,ISSUE
03,MUSME,STACK,REFBK
03,MUSME,STOR,BOOK
03,MUSME,STOR,ISSBD
03,MUSME,STOR,ISSUE
03,OXFD,CIRC,BOOK
03,OXFD,GRNOV,BOOK
03,OXFD,NEWBK,BOOK
03,OXFD,OGTR,BOOK
03,OXFD,ONFLY,BOOK
03,OXFD,OSIZE,BOOK
03,OXFD,OSIZE,ISSBD
03,OXFD,OSIZE,ISSUE
03,OXFD,OSIZE,REFBK
03,OXFD,PER,BOOK
03,OXFD,PER,ISSBD
03,OXFD,PER,ISSUE
03,OXFD,PER,RESV
03,OXFD,REF,BOOK
03,OXFD,REF,ISSUE
03,OXFD,REF,REFBK
03,OXFD,RESRV,BOOK
03,OXFD,RESRV,ISSBD
03,OXFD,RESRV,ISSUE
03,OXFD,RESRV,RESV
03,OXFD,STACK,BOOK
03,OXFD,STACK,ISSBD
03,OXFD,STACK,ISSUE
03,OXFD,STACK,REFBK
03,THEO,CIRC,BOOK
03,THEO,CPER,BOOK
03,THEO,ONFLY,BOOK
03,THEO,OSIZE,BOOK
03,THEO,PER,BOOK
03,THEO,PER,ISSBD
03,THEO,PEROZ,BOOK
03,THEO,REF,BOOK
03,THEO,REFOV,BOOK
03,THEO,RFDESK,BOOK
03,THEO,STACK,BOOK
03,THEO,STACK,CDROM
03,THEO,STOR,BOOK
03,THEO,STOR,ISSBD
03,THEO,STOR,ISSUE
03,THEO,STOR,MLTVL
03,UNIV,CPER,BDVOL
03,UNIV,CPER,ISSBD
03,UNIV,CPER,ISSUE
03,UNIV,NEWBK,BOOK
03,UNIV,OSIZE,BOOK
03,UNIV,OSIZE,ISSBD
03,UNIV,OSIZE,ISSUE
03,UNIV,REF,BDVOL
03,UNIV,REF,BOOK
03,UNIV,REF,ISSBD
03,UNIV,REF,ISSUE
03,UNIV,REFOV,BDVOL
03,UNIV,REFOV,BOOK
03,UNIV,REFOV,ISSBD
03,UNIV,REFOV,ISSUE
03,UNIV,STACK,BOOK
03,UNIV,STACK,ISSBD
03,UNIV,STACK,ISSUE
03,UNIV,STACK,MLTVL
03,UNIV,STO96,BOOK
03,UNIV,STO96,ISSBD
03,UNIV,STO96,ISSUE
03,UNIV,STOR,BOOK
03,UNIV,STOR,ISSBD
03,UNIV,STOR,ISSUE
03,UNIV,STOR,MLTVL
03,UNIV,ULFO,BOOK
03,UNIV,ULFO,ISSBD
03,UNIV,ULFO,ISSUE
04,BUS,STACK,BOOK
04,BUS,STACK,ISSBD
04,BUS,STACK,ISSUE
04,BUS,STACK,OSIZE
04,BUS,STOR,BOOK
04,BUS,STOR,ISSBD
04,BUS,STOR,ISSUE
04,CHEM,NEWBK,BOOK
04,CHEM,NEWBK,ISSBD
04,CHEM,NEWBK,REFBK
04,CHEM,STACK,BOOK
04,CHEM,STACK,ISSBD
04,CHEM,STACK,ISSUE
04,CHEM,STOR,BOOK
04,CHEM,STOR,ISSBD
04,CHEM,STOR,ISSUE
04,HLTH,CIRC,BOOK
04,HLTH,OSIZE,BOOK
04,HLTH,PER,BOOK
04,HLTH,PER,ISSBD
04,HLTH,PER,ISSUE
04,HLTH,STACK,BOOK
04,HLTH,STACK,ISSBD
04,HLTH,STACK,ISSUE
04,HLTH,STACK,REFBK
04,HLTH,STACK,RESV
04,HLTH,STOR,BOOK
04,HLTH,STOR,ISSBD
04,HLTH,STOR,ISSUE
04,LSC,BSTOR,BOOK
04,LSC,BSTORJ,ISSBD
04,LSC,HSTOR,BOOK
04,LSC,HSTOR,ISSBD
04,LSC,HSTORJ,BOOK
04,LSC,HSTORJ,ISSBD
04,LSC,HSTORJ,ISSUE
04,LSC,HSTORNC,ISSBD
04,LSC,MSTOR,BOOK
04,LSC,MSTOR,SCORE
04,LSC,MSTORJ,BOOK
04,LSC,MSTORJ,ISSBD
04,LSC,MSTORJ,ISSUE
04,LSC,MSTORNC,BOOK
04,LSC,MSTORNC,ISSBD
04,LSC,SSTOR,BOOK
04,LSC,SSTOR,ISSBD
04,LSC,SSTORJ,BOOK
04,LSC,SSTORJ,ISSBD
04,LSC,SSTORJ,ISSUE
04,LSC,TSTOR,BOOK
04,LSC,TSTOR,ISSBD
04,LSC,TSTOR,ISSUE
04,LSC,TSTOR,SCORE
04,LSC,TSTORJ,BOOK
04,LSC,TSTORJ,ISSBD
04,LSC,TSTORJ,ISSUE
04,LSC,USTOR,BOOK
04,LSC,USTOR,ISSBD
04,LSC,USTOR,SCORE
04,LSC,USTORGD,BOOK
04,LSC,USTORGD,FICHE
04,LSC,USTORGD,FILM
04,LSC,USTORGD,GOVRECORD
04,LSC,USTORGD,ISSBD
04,LSC,USTORGD,ISSUE
04,LSC,USTORJ,BOOK
04,LSC,USTORJ,ISSBD
04,LSC,USTORJ,ISSUE
04,LSC,USTORNC,BOOK
04,LSC,USTORNC,FICHE
04,LSC,USTORNC,FILM
04,LSC,USTORNC,GOVRECORD
04,LSC,USTORNC,ISSBD
04,LSC,USTORNC,ISSUE
04,MUSME,NEWBK,BOOK
04,MUSME,NEWBK,ISSUE
04,MUSME,NEWBK,MLTVL
04,MUSME,NEWBK,REFBK
04,MUSME,REF,BOOK
04,MUSME,REF,ISSUE
04,MUSME,REF,MLTVL
04,MUSME,REF,REFBK
04,MUSME,STACK,BOOK
04,MUSME,STACK,ISSBD
04,MUSME,STACK,ISSUE
04,MUSME,STACK,REFBK
04,MUSME,STOR,BOOK
04,MUSME,STOR,ISSBD
04,MUSME,STOR,ISSUE
04,OXFD,CIRC,BOOK
04,OXFD,GRNOV,BOOK
04,OXFD,NEWBK,BOOK
04,OXFD,OGTR,BOOK
04,OXFD,ONFLY,BOOK
04,OXFD,OSIZE,BOOK
04,OXFD,OSIZE,ISSBD
04,OXFD,OSIZE,ISSUE
04,OXFD,OSIZE,REFBK
04,OXFD,PER,BOOK
04,OXFD,PER,ISSBD
04,OXFD,PER,ISSUE
04,OXFD,PER,RESV
04,OXFD,REF,BOOK
04,OXFD,REF,ISSUE
04,OXFD,REF,REFBK
04,OXFD,RESRV,BOOK
04,OXFD,RESRV,ISSBD
04,OXFD,RESRV,ISSUE
04,OXFD,RESRV,RESV
04,OXFD,STACK,BOOK
04,OXFD,STACK,ISSBD
04,OXFD,STACK,ISSUE
04,OXFD,STACK,REFBK
04,THEO,REF,BOOK
04,THEO,REFOV,BOOK
04,THEO,RFDESK,BOOK
04,THEO,STACK,BOOK
04,THEO,STOR,BOOK
04,THEO,STOR,ISSBD
04,THEO,STOR,ISSUE
04,UNIV,CPER,BDVOL
04,UNIV,CPER,ISSBD
04,UNIV,CPER,ISSUE
04,UNIV,NEWBK,BOOK
04,UNIV,OSIZE,BOOK
04,UNIV,OSIZE,ISSBD
04,UNIV,OSIZE,ISSUE
04,UNIV,REF,BDVOL
04,UNIV,REF,BOOK
04,UNIV,REF,ISSBD
04,UNIV,REF,ISSUE
04,UNIV,REFOV,BDVOL
04,UNIV,REFOV,BOOK
04,UNIV,REFOV,ISSBD
04,UNIV,REFOV,ISSUE
04,UNIV,STACK,BOOK
04,UNIV,STACK,ISSBD
04,UNIV,STACK,ISSUE
04,UNIV,STACK,MLTVL
04,UNIV,STO96,BOOK
04,UNIV,STO96,ISSBD
04,UNIV,STO96,ISSUE
04,UNIV,STOR,BOOK
04,UNIV,STOR,ISSBD
04,UNIV,STOR,ISSUE
04,UNIV,ULFO,BOOK
04,UNIV,ULFO,ISSBD
04,UNIV,ULFO,ISSUE
09,BUS,STACK,BOOK
09,BUS,STACK,ISSBD
09,BUS,STACK,ISSUE
09,BUS,STACK,OSIZE
09,BUS,STOR,BOOK
09,BUS,STOR,ISSBD
09,BUS,STOR,ISSUE
09,CHEM,NEWBK,BOOK
09,CHEM,NEWBK,ISSBD
09,CHEM,NEWBK,REFBK
09,CHEM,REF,REFBK
09,CHEM,STACK,BOOK
09,CHEM,STACK,ISSBD
09,CHEM,STACK,ISSUE
09,CHEM,STOR,BOOK
09,CHEM,STOR,ISSBD
09,CHEM,STOR,ISSUE
09,HLTH,CPACT,BOOK
09,HLTH,CPACT,REFBK
09,HLTH,NEWBK,BOOK
09,HLTH,OSIZE,BOOK
09,HLTH,PER,BOOK
09,HLTH,PER,ISSBD
09,HLTH,PER,ISSUE
09,HLTH,REF,BOOK
09,HLTH,REF,ISSBD
09,HLTH,REF,REFBK
09,HLTH,RFDESK,BOOK
09,HLTH,STACK,BOOK
09,HLTH,STACK,ISSBD
09,HLTH,STACK,ISSUE
09,HLTH,STACK,REFBK
09,HLTH,STACK,RESV
09,HLTH,STOR,BOOK
09,HLTH,STOR,ISSBD
09,HLTH,STOR,ISSUE
09,LAW,STACK,BOOK
09,LAW,STACK,GVDOC
09,LAW,STACK,ISSBD
09,LAW,STACK,ISSUE
09,LAW,STACK,LSLF
09,LAW,STACK,REFBK
09,LSC,BSTOR,BOOK
09,LSC,BSTORJ,ISSBD
09,LSC,HSTOR,BOOK
09,LSC,HSTOR,ISSBD
09,LSC,HSTORJ,BOOK
09,LSC,HSTORJ,ISSBD
09,LSC,HSTORJ,ISSUE
09,LSC,HSTORNC,ISSBD
09,LSC,MSTOR,BOOK
09,LSC,MSTOR,SCORE
09,LSC,MSTORJ,BOOK
09,LSC,MSTORJ,ISSBD
09,LSC,MSTORJ,ISSUE
09,LSC,MSTORNC,BOOK
09,LSC,MSTORNC,ISSBD
09,LSC,SSTOR,BOOK
09,LSC,SSTOR,ISSBD
09,LSC,SSTORJ,BOOK
09,LSC,SSTORJ,ISSBD
09,LSC,SSTORJ,ISSUE
09,LSC,TSTOR,BOOK
09,LSC,TSTOR,ISSBD
09,LSC,TSTOR,ISSUE
09,LSC,TSTOR,SCORE
09,LSC,TSTORJ,BOOK
09,LSC,TSTORJ,ISSBD
09,LSC,TSTORJ,ISSUE
09,LSC,USTOR,BOOK
09,LSC,USTOR,ISSBD
09,LSC,USTOR,SCORE
09,LSC,USTORJ,BOOK
09,LSC,USTORJ,ISSBD
09,LSC,USTORJ,ISSUE
09,MUSME,NEWBK,BOOK
09,MUSME,NEWBK,ISSUE
09,MUSME,NEWBK,MLTVL
09,MUSME,NEWBK,REFBK
09,MUSME,REF,BOOK
09,MUSME,REF,ISSUE
09,MUSME,REF,MLTVL
09,MUSME,REF,REFBK
09,MUSME,STACK,BOOK
09,MUSME,STACK,ISSBD
09,MUSME,STACK,ISSUE
09,MUSME,STACK,REFBK
09,MUSME,STOR,BOOK
09,MUSME,STOR,ISSBD
09,MUSME,STOR,ISSUE
09,OXFD,CIRC,BOOK
09,OXFD,GRNOV,BOOK
09,OXFD,NEWBK,BOOK
09,OXFD,OGTR,BOOK
09,OXFD,ONFLY,BOOK
09,OXFD,OSIZE,BOOK
09,OXFD,OSIZE,ISSBD
09,OXFD,OSIZE,ISSUE
09,OXFD,OSIZE,REFBK
09,OXFD,PER,BOOK
09,OXFD,PER,ISSBD
09,OXFD,PER,ISSUE
09,OXFD,PER,RESV
09,OXFD,REF,BOOK
09,OXFD,REF,ISSUE
09,OXFD,REF,REFBK
09,OXFD,RESRV,BOOK
09,OXFD,RESRV,ISSBD
09,OXFD,RESRV,ISSUE
09,OXFD,RESRV,RESV
09,OXFD,STACK,BOOK
09,OXFD,STACK,ISSBD
09,OXFD,STACK,ISSUE
09,OXFD,STACK,REFBK
09,THEO,CIRC,BOOK
09,THEO,CPER,BOOK
09,THEO,ONFLY,BOOK
09,THEO,PER,BOOK
09,THEO,PER,ISSBD
09,THEO,STACK,BOOK
09,UNIV,CPER,BDVOL
09,UNIV,CPER,ISSBD
09,UNIV,CPER,ISSUE
09,UNIV,NEWBK,BOOK
09,UNIV,OSIZE,BOOK
09,UNIV,OSIZE,ISSBD
09,UNIV,OSIZE,ISSUE
09,UNIV,REF,BDVOL
09,UNIV,REF,BOOK
09,UNIV,REF,ISSBD
09,UNIV,REF,ISSUE
09,UNIV,REFOV,BDVOL
09,UNIV,REFOV,BOOK
09,UNIV,REFOV,ISSBD
09,UNIV,REFOV,ISSUE
09,UNIV,STACK,BOOK
09,UNIV,STACK,ISSBD
09,UNIV,STACK,ISSUE
09,UNIV,STACK,MLTVL
09,UNIV,STDOC,BOOK
09,UNIV,STDOC,MLTVL
09,UNIV,STO96,BOOK
09,UNIV,STO96,ISSBD
09,UNIV,STO96,ISSUE
09,UNIV,STOR,BOOK
09,UNIV,STOR,ISSBD
09,UNIV,STOR,ISSUE
09,UNIV,STOR,MLTVL
09,UNIV,ULFO,BOOK
09,UNIV,ULFO,ISSBD
09,UNIV,ULFO,ISSUE
10,BUS,STACK,BOOK
10,BUS,STACK,ISSBD
10,BUS,STACK,ISSUE
10,BUS,STACK,OSIZE
10,BUS,STOR,BOOK
10,BUS,STOR,ISSBD
10,BUS,STOR,ISSUE
10,CHEM,NEWBK,BOOK
10,CHEM,NEWBK,ISSBD
10,CHEM,NEWBK,REFBK
10,CHEM,STACK,BOOK
10,CHEM,STACK,ISSBD
10,CHEM,STACK,ISSUE
10,HLTH,CPACT,BOOK
10,HLTH,CPACT,REFBK
10,HLTH,OSIZE,BOOK
10,LAW,STACK,BOOK
10,LAW,STACK,GVDOC
10,LAW,STACK,ISSBD
10,LAW,STACK,ISSUE
10,LAW,STACK,LSLF
10,LAW,STACK,REFBK
10,LSC,BSTOR,BOOK
10,LSC,BSTORJ,ISSBD
10,LSC,HSTOR,BOOK
10,LSC,HSTOR,ISSBD
10,LSC,HSTORJ,BOOK
10,LSC,HSTORJ,ISSBD
10,LSC,HSTORJ,ISSUE
10,LSC,HSTORNC,ISSBD
10,LSC,MSTOR,BOOK
10,LSC,MSTOR,SCORE
10,LSC,MSTORJ,BOOK
10,LSC,MSTORJ,ISSBD
10,LSC,MSTORJ,ISSUE
10,LSC,MSTORNC,BOOK
10,LSC,MSTORNC,ISSBD
10,LSC,SSTOR,BOOK
10,LSC,SSTOR,ISSBD
10,LSC,SSTORJ,BOOK
10,LSC,SSTORJ,ISSBD
10,LSC,SSTORJ,ISSUE
10,LSC,TSTOR,BOOK
10,LSC,TSTOR,ISSBD
10,LSC,TSTOR,ISSUE
10,LSC,TSTOR,SCORE
10,LSC,TSTORJ,BOOK
10,LSC,TSTORJ,ISSBD
10,LSC,TSTORJ,ISSUE
10,LSC,USTOR,BOOK
10,LSC,USTOR,ISSBD
10,LSC,USTOR,SCORE
10,LSC,USTORGD,BOOK
10,LSC,USTORGD,FICHE
10,LSC,USTORGD,FILM
10,LSC,USTORGD,GOVRECORD
10,LSC,USTORGD,ISSBD
10,LSC,USTORGD,ISSUE
10,LSC,USTORJ,BOOK
10,LSC,USTORJ,ISSBD
10,LSC,USTORJ,ISSUE
10,LSC,USTORNC,BOOK
10,LSC,USTORNC,FICHE
10,LSC,USTORNC,FILM
10,LSC,USTORNC,GOVRECORD
10,LSC,USTORNC,ISSBD
10,LSC,USTORNC,ISSUE
10,MUSME,NEWBK,BOOK
10,MUSME,NEWBK,ISSUE
10,MUSME,NEWBK,MLTVL
10,MUSME,NEWBK,REFBK
10,MUSME,REF,BOOK
10,MUSME,REF,ISSUE
10,MUSME,REF,MLTVL
10,MUSME,REF,REFBK
10,OXFD,CIRC,BOOK
10,OXFD,NEWBK,BOOK
10,OXFD,OGTR,BOOK
10,OXFD,ONFLY,BOOK
10,OXFD,OSIZE,BOOK
10,OXFD,OSIZE,ISSBD
10,OXFD,OSIZE,ISSUE
10,OXFD,OSIZE,REFBK
10,OXFD,PER,BOOK
10,OXFD,PER,ISSBD
10,OXFD,PER,ISSUE
10,OXFD,PER,RESV
10,OXFD,REF,BOOK
10,OXFD,REF,ISSUE
10,OXFD,REF,REFBK
10,OXFD,RESRV,BOOK
10,OXFD,RESRV,ISSBD
10,OXFD,RESRV,ISSUE
10,OXFD,RESRV,RESV
10,OXFD,STACK,BOOK
10,OXFD,STACK,ISSBD
10,OXFD,STACK,ISSUE
10,OXFD,STACK,REFBK
10,THEO,CIRC,BOOK
10,THEO,CPER,BOOK
10,THEO,ONFLY,BOOK
10,THEO,OSIZE,BOOK
10,THEO,PER,BOOK
10,THEO,PER,ISSBD
10,THEO,PEROZ,BOOK
10,THEO,STACK,BOOK
10,THEO,STACK,CDROM
10,THEO,STOR,BOOK
10,THEO,STOR,ISSBD
10,THEO,STOR,ISSUE
10,THEO,STOR,MLTVL
10,UNIV,CPER,BDVOL
10,UNIV,CPER,ISSBD
10,UNIV,CPER,ISSUE
10,UNIV,NEWBK,BOOK
10,UNIV,REF,BDVOL
10,UNIV,REF,BOOK
10,UNIV,REF,ISSBD
10,UNIV,REF,ISSUE
10,UNIV,REFOV,BDVOL
10,UNIV,REFOV,BOOK
10,UNIV,REFOV,ISSBD
10,UNIV,REFOV,ISSUE
10,UNIV,STACK,BOOK
10,UNIV,STACK,ISSBD
10,UNIV,STACK,ISSUE
10,UNIV,STACK,MLTVL
10,UNIV,STDOC,BOOK
10,UNIV,STDOC,ISSBD
10,UNIV,STDOC,ISSUE
10,UNIV,STO96,BOOK
10,UNIV,STO96,ISSBD
10,UNIV,STO96,ISSUE
10,UNIV,STOR,BOOK
10,UNIV,STOR,ISSBD
10,UNIV,STOR,ISSUE
10,UNIV,STOR,MLTVL
12,LAW,STACK,BOOK
12,LAW,STACK,GVDOC
12,LAW,STACK,ISSBD
12,LAW,STACK,ISSUE
12,LAW,STACK,LSLF
12,LAW,STACK,REFBK
20,BUS,STACK,BOOK
20,BUS,STACK,ISSBD
20,BUS,STACK,ISSUE
20,BUS,STACK,OSIZE
20,BUS,STOR,BOOK
20,BUS,STOR,ISSBD
20,BUS,STOR,ISSUE
20,CHEM,NEWBK,BOOK
20,CHEM,NEWBK,ISSBD
20,CHEM,NEWBK,REFBK
20,CHEM,REF,REFBK
20,CHEM,STACK,BOOK
20,CHEM,STACK,ISSBD
20,CHEM,STACK,ISSUE
20,CHEM,STOR,BOOK
20,CHEM,STOR,ISSBD
20,CHEM,STOR,ISSUE
20,HLTH,CPACT,BOOK
20,HLTH,CPACT,REFBK
20,HLTH,NEWBK,BOOK
20,HLTH,OSIZE,BOOK
20,HLTH,PER,BOOK
20,HLTH,PER,ISSBD
20,HLTH,PER,ISSUE
20,HLTH,REF,BOOK
20,HLTH,REF,ISSBD
20,HLTH,REF,REFBK
20,HLTH,RFDESK,BOOK
20,HLTH,STACK,BOOK
20,HLTH,STACK,ISSBD
20,HLTH,STACK,ISSUE
20,HLTH,STACK,REFBK
20,HLTH,STACK,RESV
20,HLTH,STOR,BOOK
20,HLTH,STOR,ISSBD
20,HLTH,STOR,ISSUE
20,LAW,STACK,BOOK
20,LAW,STACK,GVDOC
20,LAW,STACK,ISSBD
20,LAW,STACK,ISSUE
20,LAW,STACK,LSLF
20,LAW,STACK,REFBK
20,LSC,BSTOR,BOOK
20,LSC,BSTORJ,ISSBD
20,LSC,HSTOR,BOOK
20,LSC,HSTOR,ISSBD
20,LSC,HSTORJ,BOOK
20,LSC,HSTORJ,ISSBD
20,LSC,HSTORJ,ISSUE
20,LSC,HSTORNC,ISSBD
20,LSC,MSTOR,BOOK
20,LSC,MSTOR,SCORE
20,LSC,MSTORJ,BOOK
20,LSC,MSTORJ,ISSBD
20,LSC,MSTORJ,ISSUE
20,LSC,MSTORNC,BOOK
20,LSC,MSTORNC,ISSBD
20,LSC,SSTOR,BOOK
20,LSC,SSTOR,ISSBD
20,LSC,SSTORJ,BOOK
20,LSC,SSTORJ,ISSBD
20,LSC,SSTORJ,ISSUE
20,LSC,TSTOR,BOOK
20,LSC,TSTOR,ISSBD
20,LSC,TSTOR,ISSUE
20,LSC,TSTOR,SCORE
20,LSC,TSTORJ,BOOK
20,LSC,TSTORJ,ISSBD
20,LSC,TSTORJ,ISSUE
20,LSC,USTOR,BOOK
20,LSC,USTOR,ISSBD
20,LSC,USTOR,SCORE
20,LSC,USTORGD,BOOK
20,LSC,USTORGD,FICHE
20,LSC,USTORGD,FILM
20,LSC,USTORGD,GOVRECORD
20,LSC,USTORGD,ISSBD
20,LSC,USTORGD,ISSUE
20,LSC,USTORJ,BOOK
20,LSC,USTORJ,ISSBD
20,LSC,USTORJ,ISSUE
20,LSC,USTORNC,BOOK
20,LSC,USTORNC,FICHE
20,LSC,USTORNC,FILM
20,LSC,USTORNC,GOVRECORD
20,LSC,USTORNC,ISSBD
20,LSC,USTORNC,ISSUE
20,MUSME,NEWBK,BOOK
20,MUSME,NEWBK,ISSUE
20,MUSME,NEWBK,MLTVL
20,MUSME,NEWBK,REFBK
20,MUSME,REF,BOOK
20,MUSME,REF,ISSUE
20,MUSME,REF,MLTVL
20,MUSME,REF,REFBK
20,MUSME,STACK,BOOK
20,MUSME,STACK,ISSBD
20,MUSME,STACK,ISSUE
20,MUSME,STACK,REFBK
20,MUSME,STOR,BOOK
20,MUSME,STOR,ISSBD
20,MUSME,STOR,ISSUE
20,OXFD,CIRC,BOOK
20,OXFD,GRNOV,BOOK
20,OXFD,NEWBK,BOOK
20,OXFD,OGTR,BOOK
20,OXFD,ONFLY,BOOK
20,OXFD,OSIZE,BOOK
20,OXFD,OSIZE,ISSBD
20,OXFD,OSIZE,ISSUE
20,OXFD,OSIZE,REFBK
20,OXFD,PER,BOOK
20,OXFD,PER,ISSBD
20,OXFD,PER,ISSUE
20,OXFD,PER,RESV
20,OXFD,REF,BOOK
20,OXFD,REF,ISSUE
20,OXFD,REF,REFBK
20,OXFD,RESRV,BOOK
20,OXFD,RESRV,ISSBD
20,OXFD,RESRV,ISSUE
20,OXFD,RESRV,RESV
20,OXFD,STACK,BOOK
20,OXFD,STACK,ISSBD
20,OXFD,STACK,ISSUE
20,OXFD,STACK,REFBK
20,THEO,CIRC,BOOK
20,THEO,CPER,BOOK
20,THEO,ONFLY,BOOK
20,THEO,PER,BOOK
20,THEO,PER,ISSBD
20,THEO,STACK,BOOK
20,UNIV,CPER,BDVOL
20,UNIV,CPER,ISSBD
20,UNIV,CPER,ISSUE
20,UNIV,NEWBK,BOOK
20,UNIV,OSIZE,BOOK
20,UNIV,OSIZE,ISSBD
20,UNIV,OSIZE,ISSUE
20,UNIV,REF,BDVOL
20,UNIV,REF,BOOK
20,UNIV,REF,ISSBD
20,UNIV,REF,ISSUE
20,UNIV,REFOV,BDVOL
20,UNIV,REFOV,BOOK
20,UNIV,REFOV,ISSBD
20,UNIV,REFOV,ISSUE
20,UNIV,STACK,BOOK
20,UNIV,STACK,ISSBD
20,UNIV,STACK,ISSUE
20,UNIV,STACK,MLTVL
20,UNIV,STDOC,BOOK
20,UNIV,STDOC,MLTVL
20,UNIV,STO96,BOOK
20,UNIV,STO96,ISSBD
20,UNIV,STO96,ISSUE
20,UNIV,STOR,BOOK
20,UNIV,STOR,ISSBD
20,UNIV,STOR,ISSUE
20,UNIV,STOR,MLTVL
20,UNIV,ULFO,BOOK
20,UNIV,ULFO,ISSBD
20,UNIV,ULFO,ISSUE
22,LSC,USTORGD,BOOK
22,LSC,USTORGD,FICHE
22,LSC,USTORGD,FILM
22,LSC,USTORGD,GOVRECORD
22,LSC,USTORGD,ISSBD
22,LSC,USTORGD,ISSUE
22,LSC,USTORNC,BOOK
22,LSC,USTORNC,FICHE
22,LSC,USTORNC,FILM
22,LSC,USTORNC,GOVRECORD
22,LSC,USTORNC,ISSBD
22,LSC,USTORNC,ISSUE
23,BUS,STACK,BOOK
23,BUS,STACK,ISSBD
23,BUS,STACK,ISSUE
23,BUS,STACK,OSIZE
23,BUS,STOR,BOOK
23,BUS,STOR,ISSBD
23,BUS,STOR,ISSUE
23,CHEM,NEWBK,BOOK
23,CHEM,NEWBK,ISSBD
23,CHEM,NEWBK,REFBK
23,CHEM,REF,REFBK
23,CHEM,STACK,BOOK
23,CHEM,STACK,ISSBD
23,CHEM,STACK,ISSUE
23,CHEM,STOR,BOOK
23,CHEM,STOR,ISSBD
23,CHEM,STOR,ISSUE
23,HLTH,CPACT,BOOK
23,HLTH,CPACT,REFBK
23,HLTH,NEWBK,BOOK
23,HLTH,OSIZE,BOOK
23,HLTH,PER,BOOK
23,HLTH,PER,ISSBD
23,HLTH,PER,ISSUE
23,HLTH,REF,BOOK
23,HLTH,REF,ISSBD
23,HLTH,REF,REFBK
23,HLTH,RFDESK,BOOK
23,HLTH,STACK,BOOK
23,HLTH,STACK,ISSBD
23,HLTH,STACK,ISSUE
23,HLTH,STACK,REFBK
23,HLTH,STACK,RESV
23,HLTH,STOR,BOOK
23,HLTH,STOR,ISSBD
23,HLTH,STOR,ISSUE
23,LAW,STACK,BOOK
23,LAW,STACK,GVDOC
23,LAW,STACK,ISSBD
23,LAW,STACK,ISSUE
23,LAW,STACK,LSLF
23,LAW,STACK,REFBK
23,LSC,BSTOR,BOOK
23,LSC,BSTORJ,ISSBD
23,LSC,HSTOR,BOOK
23,LSC,HSTOR,ISSBD
23,LSC,HSTORJ,BOOK
23,LSC,HSTORJ,ISSBD
23,LSC,HSTORJ,ISSUE
23,LSC,HSTORNC,ISSBD
23,LSC,MSTOR,BOOK
23,LSC,MSTOR,SCORE
23,LSC,MSTORJ,BOOK
23,LSC,MSTORJ,ISSBD
23,LSC,MSTORJ,ISSUE
23,LSC,MSTORNC,BOOK
23,LSC,MSTORNC,ISSBD
23,LSC,SSTOR,BOOK
23,LSC,SSTOR,ISSBD
23,LSC,SSTORJ,BOOK
23,LSC,SSTORJ,ISSBD
23,LSC,SSTORJ,ISSUE
23,LSC,TSTOR,BOOK
23,LSC,TSTOR,ISSBD
23,LSC,TSTOR,ISSUE
23,LSC,TSTOR,SCORE
23,LSC,TSTORJ,BOOK
23,LSC,TSTORJ,ISSBD
23,LSC,TSTORJ,ISSUE
23,LSC,USTOR,BOOK
23,LSC,USTOR,ISSBD
23,LSC,USTOR,SCORE
23,LSC,USTORGD,BOOK
23,LSC,USTORGD,FICHE
23,LSC,USTORGD,FILM
23,LSC,USTORGD,GOVRECORD
23,LSC,USTORGD,ISSBD
23,LSC,USTORGD,ISSUE
23,LSC,USTORJ,BOOK
23,LSC,USTORJ,ISSBD
23,LSC,USTORJ,ISSUE
23,LSC,USTORNC,BOOK
23,LSC,USTORNC,FICHE
23,LSC,USTORNC,FILM
23,LSC,USTORNC,GOVRECORD
23,LSC,USTORNC,ISSBD
23,LSC,USTORNC,ISSUE
23,MUSME,NEWBK,BOOK
23,MUSME,NEWBK,ISSUE
23,MUSME,NEWBK,MLTVL
23,MUSME,NEWBK,REFBK
23,MUSME,REF,BOOK
23,MUSME,REF,ISSUE
23,MUSME,REF,MLTVL
23,MUSME,REF,REFBK
23,MUSME,STACK,BOOK
23,MUSME,STACK,ISSBD
23,MUSME,STACK,ISSUE
23,MUSME,STACK,REFBK
23,MUSME,STOR,BOOK
23,MUSME,STOR,ISSBD
23,MUSME,STOR,ISSUE
23,OXFD,CIRC,BOOK
23,OXFD,GRNOV,BOOK
23,OXFD,NEWBK,BOOK
23,OXFD,OGTR,BOOK
23,OXFD,ONFLY,BOOK
23,OXFD,OSIZE,BOOK
23,OXFD,OSIZE,ISSBD
23,OXFD,OSIZE,ISSUE
23,OXFD,OSIZE,REFBK
23,OXFD,PER,BOOK
23,OXFD,PER,ISSBD
23,OXFD,PER,ISSUE
23,OXFD,PER,RESV
23,OXFD,REF,BOOK
23,OXFD,REF,ISSUE
23,OXFD,REF,REFBK
23,OXFD,RESRV,BOOK
23,OXFD,RESRV,ISSBD
23,OXFD,RESRV,ISSUE
23,OXFD,RESRV,RESV
23,OXFD,STACK,BOOK
23,OXFD,STACK,ISSBD
23,OXFD,STACK,ISSUE
23,OXFD,STACK,REFBK
23,THEO,CIRC,BOOK
23,THEO,CPER,BOOK
23,THEO,ONFLY,BOOK
23,THEO,PER,BOOK
23,THEO,PER,ISSBD
23,THEO,REF,BOOK
23,THEO,REFOV,BOOK
23,THEO,RFDESK,BOOK
23,THEO,STACK,BOOK
23,UNIV,CPER,BDVOL
23,UNIV,CPER,ISSBD
23,UNIV,CPER,ISSUE
23,UNIV,NEWBK,BOOK
23,UNIV,OSIZE,BOOK
23,UNIV,OSIZE,ISSBD
23,UNIV,OSIZE,ISSUE
23,UNIV,REF,BDVOL
23,UNIV,REF,BOOK
23,UNIV,REF,ISSBD
23,UNIV,REF,ISSUE
23,UNIV,REFOV,BDVOL
23,UNIV,REFOV,BOOK
23,UNIV,REFOV,ISSBD
23,UNIV,REFOV,ISSUE
23,UNIV,STACK,BOOK
23,UNIV,STACK,ISSBD
23,UNIV,STACK,ISSUE
23,UNIV,STACK,MLTVL
23,UNIV,STDOC,BOOK
23,UNIV,STDOC,MLTVL
23,UNIV,STO96,BOOK
23,UNIV,STO96,ISSBD
23,UNIV,STO96,ISSUE
23,UNIV,STOR,BOOK
23,UNIV,STOR,ISSBD
23,UNIV,STOR,ISSUE
23,UNIV,STOR,MLTVL
23,UNIV,ULFO,BOOK
23,UNIV,ULFO,ISSBD
23,UNIV,ULFO,ISSUE
24,BUS,STOR,BOOK
24,BUS,STOR,ISSBD
24,BUS,STOR,ISSUE
24,CHEM,STOR,BOOK
24,CHEM,STOR,ISSBD
24,CHEM,STOR,ISSUE
24,HLTH,STOR,BOOK
24,HLTH,STOR,ISSBD
24,HLTH,STOR,ISSUE
24,LSC,BSTOR,BOOK
24,LSC,BSTORJ,ISSBD
24,LSC,HSTOR,BOOK
24,LSC,HSTOR,ISSBD
24,LSC,HSTORJ,BOOK
24,LSC,HSTORJ,ISSBD
24,LSC,HSTORJ,ISSUE
24,LSC,HSTORNC,ISSBD
24,LSC,MSTOR,BOOK
24,LSC,MSTOR,SCORE
24,LSC,MSTORJ,BOOK
24,LSC,MSTORJ,ISSBD
24,LSC,MSTORJ,ISSUE
24,LSC,MSTORNC,BOOK
24,LSC,MSTORNC,ISSBD
24,LSC,SSTOR,BOOK
24,LSC,SSTOR,ISSBD
24,LSC,SSTORJ,BOOK
24,LSC,SSTORJ,ISSBD
24,LSC,SSTORJ,ISSUE
24,LSC,TSTOR,BOOK
24,LSC,TSTOR,ISSBD
24,LSC,TSTOR,ISSUE
24,LSC,TSTOR,SCORE
24,LSC,TSTORJ,BOOK
24,LSC,TSTORJ,ISSBD
24,LSC,TSTORJ,ISSUE
24,LSC,USTOR,BOOK
24,LSC,USTOR,ISSBD
24,LSC,USTOR,SCORE
24,LSC,USTORGD,BOOK
24,LSC,USTORGD,FICHE
24,LSC,USTORGD,FILM
24,LSC,USTORGD,GOVRECORD
24,LSC,USTORGD,ISSBD
24,LSC,USTORGD,ISSUE
24,LSC,USTORJ,BOOK
24,LSC,USTORJ,ISSBD
24,LSC,USTORJ,ISSUE
24,LSC,USTORNC,BOOK
24,LSC,USTORNC,FICHE
24,LSC,USTORNC,FILM
24,LSC,USTORNC,GOVRECORD
24,LSC,USTORNC,ISSBD
24,LSC,USTORNC,ISSUE
24,MUSME,STOR,BOOK
24,MUSME,STOR,ISSBD
24,MUSME,STOR,ISSUE
24,OXFD,CIRC,BOOK
24,OXFD,GRNOV,BOOK
24,OXFD,NEWBK,BOOK
24,OXFD,OGTR,BOOK
24,OXFD,ONFLY,BOOK
24,OXFD,OSIZE,BOOK
24,OXFD,OSIZE,ISSBD
24,OXFD,OSIZE,ISSUE
24,OXFD,OSIZE,REFBK
24,OXFD,PER,BOOK
24,OXFD,PER,ISSBD
24,OXFD,PER,ISSUE
24,OXFD,PER,RESV
24,OXFD,REF,BOOK
24,OXFD,REF,ISSUE
24,OXFD,REF,REFBK
24,OXFD,RESRV,BOOK
24,OXFD,RESRV,ISSBD
24,OXFD,RESRV,ISSUE
24,OXFD,RESRV,RESV
24,OXFD,STACK,BOOK
24,OXFD,STACK,ISSBD
24,OXFD,STACK,ISSUE
24,OXFD,STACK,REFBK
24,THEO,REF,BOOK
24,THEO,REFOV,BOOK
24,THEO,RFDESK,BOOK
24,THEO,STOR,BOOK
24,THEO,STOR,ISSBD
24,THEO,STOR,ISSUE
24,UNIV,CPER,BDVOL
24,UNIV,CPER,ISSBD
24,UNIV,CPER,ISSUE
24,UNIV,NEWBK,BOOK
24,UNIV,OSIZE,BOOK
24,UNIV,OSIZE,ISSBD
24,UNIV,OSIZE,ISSUE
24,UNIV,REF,BDVOL
24,UNIV,REF,BOOK
24,UNIV,REF,ISSBD
24,UNIV,REF,ISSUE
24,UNIV,REFOV,BDVOL
24,UNIV,REFOV,BOOK
24,UNIV,REFOV,ISSBD
24,UNIV,REFOV,ISSUE
24,UNIV,STACK,BOOK
24,UNIV,STACK,ISSBD
24,UNIV,STACK,ISSUE
24,UNIV,STACK,MLTVL
24,UNIV,STDOC,BOOK
24,UNIV,STDOC,MLTVL
24,UNIV,STO96,BOOK
24,UNIV,STO96,ISSBD
24,UNIV,STO96,ISSUE
24,UNIV,STOR,BOOK
24,UNIV,STOR,ISSBD
24,UNIV,STOR,ISSUE
24,UNIV,STOR,MLTVL
24,UNIV,ULFO,BOOK
24,UNIV,ULFO,ISSBD
24,UNIV,ULFO,ISSUE
25,BUS,STOR,BOOK
25,BUS,STOR,ISSBD
25,BUS,STOR,ISSUE
25,CHEM,STOR,BOOK
25,CHEM,STOR,ISSBD
25,CHEM,STOR,ISSUE
25,HLTH,CIRC,BOOK
25,HLTH,NEWBK,BOOK
25,HLTH,OSIZE,BOOK
25,HLTH,PER,BOOK
25,HLTH,PER,ISSBD
25,HLTH,PER,ISSUE
25,HLTH,STOR,BOOK
25,HLTH,STOR,ISSBD
25,HLTH,STOR,ISSUE
25,LSC,USTOR,BOOK
25,LSC,USTORGD,BOOK
25,LSC,USTORGD,FICHE
25,LSC,USTORGD,FILM
25,LSC,USTORGD,GOVRECORD
25,LSC,USTORGD,ISSBD
25,LSC,USTORGD,ISSUE
25,LSC,USTORNC,BOOK
25,LSC,USTORNC,FICHE
25,LSC,USTORNC,FILM
25,LSC,USTORNC,GOVRECORD
25,LSC,USTORNC,ISSBD
25,LSC,USTORNC,ISSUE
25,MUSME,STOR,BOOK
25,MUSME,STOR,ISSBD
25,MUSME,STOR,ISSUE
25,THEO,REF,BOOK
25,THEO,REFOV,BOOK
25,THEO,RFDESK,BOOK
25,THEO,STACK,BOOK
25,THEO,STOR,BOOK
25,THEO,STOR,ISSBD
25,THEO,STOR,ISSUE
25,UNIV,CPER,BDVOL
25,UNIV,CPER,ISSBD
25,UNIV,CPER,ISSUE
25,UNIV,NEWBK,BOOK
25,UNIV,OSIZE,BOOK
25,UNIV,OSIZE,ISSBD
25,UNIV,OSIZE,ISSUE
25,UNIV,REF,BDVOL
25,UNIV,REF,BOOK
25,UNIV,REF,ISSBD
25,UNIV,REF,ISSUE
25,UNIV,REFOV,BDVOL
25,UNIV,REFOV,BOOK
25,UNIV,REFOV,ISSBD
25,UNIV,REFOV,ISSUE
25,UNIV,STACK,BOOK
25,UNIV,STACK,ISSBD
25,UNIV,STACK,ISSUE
25,UNIV,STACK,MLTVL
25,UNIV,STO96,BOOK
25,UNIV,STO96,ISSBD
25,UNIV,STO96,ISSUE
25,UNIV,STOR,BOOK
25,UNIV,STOR,ISSBD
25,UNIV,STOR,ISSUE
25,UNIV,STOR,MLTVL
25,UNIV,ULFO,BOOK
25,UNIV,ULFO,ISSBD
25,UNIV,ULFO,ISSUE
